ID_Ocurrencia;Informante;Enunciado;Forma;Tiempo;Registro
T0681;MTY-011;Había nuevas reglas en mi casa.;había;imperfecto;entrevista
T0572;MTY-005;Habrían varias tiendas por aquí.;habrían;condicional;conversación
T0580;MTY-005;Hubo muchas personas por aquí.;hubo;pretérito;entrevista
T0650;MTY-010;Hubieron dos accidentes por aquí.;hubieron;pretérito;entrevista
T0662;MTY-010;Había varios heridos ayer en la tarde.;había;imperfecto;conversación
T0594;MTY-006;Ha habido pocas oportunidades en el centro.;ha habido;presente perfecto;entrevista
T0701;MTY-012;Habían nuevas reglas en el centro.;habían;imperfecto;conversación
T0544;MTY-003;Habrían muchas personas por aquí.;habrían;condicional;conversación
T0686;MTY-011;Hubieron tres fiestas en la escuela.;hubieron;pretérito;entrevista
T0586;MTY-006;Habían unos perros en la escuela.;habían;imperfecto;conversación
T0563;MTY-005;Habían dos accidentes por aquí.;habían;imperfecto;conversación
T0590;MTY-006;Ha habido muchos niños en la escuela.;ha habido;presente perfecto;entrevista
T0509;MTY-002;Había demasiados coches en la colonia.;había;imperfecto;conversación
T0583;MTY-006;Han habido varios problemas en la escuela.;han habido;presente perfecto;conversación
T0591;MTY-006;Habrán muchas personas en el centro.;habrán;futuro;conversación
T0660;MTY-010;Había muchas personas en la escuela.;había;imperfecto;entrevista
T0664;MTY-010;Habría varios heridos en la colonia.;habría;condicional;entrevista
T0597;MTY-007;Había dos accidentes en la escuela.;había;imperfecto;conversación
T0622;MTY-008;Habrían pocas oportunidades en la escuela.;habrían;condicional;conversación
T0508;MTY-002;Habían pocas oportunidades en la colonia.;;imperfecto;conversación
T0484;MTY-001;Habían muchos niños en el centro.;Habían;imperfecto;entrevista
T0505;MTY-001;Habían muchas quejas en el centro.;habían;imperfecto;conversación
T0517;MTY-002;Habrían varios heridos en la junta.;habrían;condicional;entrevista
T0643;MTY-009;Habría demasiados coches en la junta.;habría;condicional;entrevista
T0500;MTY-001;Habrá muchas lluvias en la carretera.;habrá;futuro;conversación
T0532;MTY-003;Habrían tres fiestas en mi casa.;habrían;condicional;conversación
T0551;MTY-004;Habían tres fiestas en la junta.;habían;imperfecto;conversación
T0526;MTY-003;Habrá muchos niños en el mercado.;habrá;futuro;conversación
T0640;MTY-009;Habían unos perros en la junta.;habían;imperfecto;entrevista
T0596;MTY-006;Han habido muchos niños en la carretera.;han habido;presente perfecto;conversación
T0627;MTY-008;Ha habido demasiados coches en la junta.;ha habido;presente perfecto;entrevista
T0695;MTY-012;Han habido varios problemas por aquí.;han habido;presente perfecto;entrevista
T0553;MTY-004;Hubieron varios problemas en la escuela.;hubieron;pretérito;conversación
T0486;MTY-001;Habían varias tiendas en mi casa.;habían;imperfecto;conversación
T0703;MTY-012;Ha habido muchas quejas el año pasado.;ha habido;presente perfecto;conversación
T0519;MTY-002;Había unos perros el año pasado.;había;imperfecto;entrevista
T0618;MTY-007;Habían muchas lluvias en la carretera.;habían;imperfecto;entrevista
T0631;MTY-008;Habrían muchas quejas en la escuela.;habrían;condicional;conversación
T0530;MTY-003;Ha habido muchas lluvias por aquí.;ha habido;presente perfecto;conversación
T0616;MTY-007;Habrán varios heridos en la colonia.;habrán;futuro;entrevista
T0625;MTY-008;Habían algunos robos ayer en la tarde.;habían;imperfecto;conversación
T0559;MTY-005;Hubieron muchas personas en la colonia.;hubieron;pretérito;entrevista
T0680;MTY-011;Había nuevas reglas en mi casa.;Había;imperfecto;conversación
T0601;MTY-007;Habían varias tiendas en mi casa.;habían;imperfecto;conversación
T0709;MTY-012;Había muchas personas en la colonia.;había;imperfecto;conversación
T0540;MTY-003;Habían muchas lluvias en la junta.;habían;imperfecto;conversación
T0670;MTY-010;Han habido varios problemas en la carretera.;han habido;presente perfecto;conversación
T0541;MTY-003;Han habido algunos robos en mi casa.;han habido;presente perfecto;conversación
T0613;MTY-007;Habían muchos niños ayer en la tarde.;habían;imperfecto;conversación
T0675;MTY-011;Había demasiados coches en la escuela.;HABÍA;imperfecto;conversación
T0487;MTY-001;Habían algunos robos en mi casa.;habían;imperfecto;conversación
T0609;MTY-007;Habían tres fiestas por aquí.;habían;imperfecto;conversación
T0578;MTY-005;Habrán varios heridos en mi casa.;habrán;futuro;entrevista
T0556;MTY-004;Hubieron muchas lluvias el año pasado.;hubieron;pretérito;entrevista
T0693;MTY-012;Hubo muchas quejas el año pasado.;hubo;pretérito;conversación
T0610;MTY-007;Han habido nuevas reglas el año pasado.;HAN HABIDO;presente perfecto;conversación
T0620;MTY-008;Habría varias tiendas en la carretera.;habría;condicional;entrevista
T0525;MTY-003;Había unos perros ayer en la tarde.;había;imperfecto;entrevista
T0502;MTY-001;Han habido muchas quejas en la escuela.;han habido;presente perfecto;entrevista
T0592;MTY-006;Habían varios problemas en la escuela.;habían;imperfecto;conversación
T0705;MTY-012;Había varios problemas en la junta.;había;imperfecto;conversación
T0654;MTY-010;Hubo muchas personas en la escuela.;hubo;pretérito;entrevista
T0678;MTY-011;Habrá tres fiestas en mi casa.;habrá;futuro;conversación
T0671;MTY-010;Había dos accidentes en mi casa.;había;imperfecto;entrevista
T0713;MTY-012;Hubo algunos robos en el centro.;hubo;pretérito;entrevista
T0489;MTY-001;Había nuevas reglas en la colonia.;había;imperfecto;conversación
T0612;MTY-007;Habían unos perros por aquí.;;imperfecto;entrevista
T0710;MTY-012;Hubo muchas lluvias por aquí.;hubo;pretérito;conversación
T0536;MTY-003;Habría nuevas reglas en el mercado.;habría;condicional;conversación
T0642;MTY-009;Hubieron muchos niños en la escuela.;hubieron;pretérito;entrevista
T0617;MTY-007;Han habido varios problemas en la escuela.;han habido;presente perfecto;entrevista
T0521;MTY-002;Habían muchos niños en el mercado.;habían;imperfecto;conversación
T0697;MTY-012;Habrá muchos niños en la escuela.;habrá;futuro;conversación
T0496;MTY-001;Habían muchas lluvias en la escuela.;habían;imperfecto;conversación
T0690;MTY-011;Hubo demasiados coches en la carretera.;hubo;pretérito;entrevista
T0702;MTY-012;Habrían dos accidentes en la escuela.;habrían;condicional;conversación
T0504;MTY-001;Han habido muchos niños en mi casa.;han habido;presente perfecto;conversación
T0535;MTY-003;Ha habido muchas lluvias por aquí.;ha habido;presente perfecto;entrevista
T0623;MTY-008;Habría unos perros en mi casa.;habría;condicional;conversación
T0558;MTY-004;Han habido muchas quejas en mi casa.;han habido;presente perfecto;conversación
T0619;MTY-008;Habrían muchas lluvias ayer en la tarde.;habrían;condicional;entrevista
T0630;MTY-008;Habían pocas oportunidades en el mercado.;habían;imperfecto;entrevista
T0639;MTY-009;Hubo algunos robos en la escuela.;;pretérito;conversación
T0546;MTY-004;Habría algunos robos en la colonia.;habría;condicional;conversación
T0673;MTY-010;Ha habido muchas quejas el año pasado.;ha habido;presente perfecto;entrevista
T0666;MTY-010;Había tres fiestas en la colonia.;había;imperfecto;conversación
T0652;MTY-010;Habían varios heridos el año pasado.;habían;imperfecto;conversación
T0657;MTY-010;Había dos accidentes en la junta.;había;imperfecto;conversación
T0661;MTY-010;Habrían muchas quejas en la junta.;habrían;condicional;conversación
T0557;MTY-004;Habían varias tiendas en el centro.;habían;imperfecto;entrevista
T0543;MTY-003;Habían muchas quejas en el centro.;habían;imperfecto;entrevista
T0633;MTY-008;Habían muchas personas en mi casa.;habían;imperfecto;conversación
T0589;MTY-006;Habían muchas personas en la escuela.;habían;imperfecto;entrevista
T0621;MTY-008;Habían varios heridos en la colonia.;habían;imperfecto;conversación
T0507;MTY-002;Habían unos perros el año pasado.;habían;imperfecto;conversación
T0655;MTY-010;Habían muchos niños en la junta.;habían;imperfecto;entrevista
T0527;MTY-003;Han habido muchas personas en la escuela.;han habido;presente perfecto;conversación
T0672;MTY-010;Había nuevas reglas en la colonia.;había;imperfecto;conversación
T0577;MTY-005;Habían varios heridos en la colonia.;habían;imperfecto;entrevista
T0571;MTY-005;Hubo pocas oportunidades ayer en la tarde.;hubo;pretérito;entrevista
T0542;MTY-003;Han habido muchas personas en el centro.;han habido;presente perfecto;entrevista
T0619;MTY-008;Habrían muchas lluvias ayer en la tarde.;habrían;condicional;entrevista
T0599;MTY-007;Había nuevas reglas en el centro.;había;imperfecto;conversación
T0593;MTY-006;Ha habido varios problemas en la escuela.;ha habido;presente perfecto;conversación
T0534;MTY-003;Hubieron demasiados coches en la escuela.;hubieron;pretérito;conversación
T0566;MTY-005;Habían demasiados coches en la escuela.;habían;imperfecto;conversación
T0605;MTY-007;Habían muchas lluvias el año pasado.;;imperfecto;entrevista
T0651;MTY-010;Habían pocas oportunidades por aquí.;habían;imperfecto;conversación
T0564;MTY-005;Hubo varias tiendas el año pasado.;hubo ;pretérito;conversación
T0573;MTY-005;Hubieron muchas personas ayer en la tarde.;hubieron;pretérito;entrevista
T0602;MTY-007;Hubieron unos perros en la colonia.;hubieron;pretérito;conversación
T0648;MTY-009;Habían varias tiendas en el mercado.;habían ;imperfecto;entrevista
T0501;MTY-001;Habían algunos robos en mi casa.;habían;imperfecto;conversación
T0606;MTY-007;Habrán nuevas reglas en mi casa.;habrán;futuro;entrevista
T0569;MTY-005;Habían muchos niños en mi casa.;habían;imperfecto;entrevista
T0649;MTY-009;Hubieron muchas lluvias el año pasado.;hubieron;pretérito;conversación
T0488;MTY-001;Hubo muchas personas en el centro.;hubo;pretérito;conversación
T0567;MTY-005;Había muchas quejas en mi casa.;había;imperfecto;conversación
T0628;MTY-008;Ha habido pocas oportunidades el año pasado.;ha habido;presente perfecto;conversación
T0520;MTY-002;Habrían muchas quejas en la escuela.;habrían;condicional;entrevista
T0659;MTY-010;Habían varios heridos en la colonia.;habían;imperfecto;entrevista
T0499;MTY-001;Habían muchas lluvias el año pasado.;habían;imperfecto;entrevista
T0587;MTY-006;Habían muchos niños el año pasado.;habían;imperfecto;conversación
T0514;MTY-002;Habían dos accidentes el año pasado.;HABÍAN;imperfecto;conversación
T0581;MTY-005;Ha habido muchas personas en mi casa.;ha habido;presente perfecto;conversación
T0634;MTY-008;Había muchas lluvias en la junta.;había;imperfecto;conversación
T0554;MTY-004;Había varias tiendas por aquí.;había;imperfecto;conversación
T0498;MTY-001;Había varios heridos el año pasado.;había;imperfecto;entrevista
T0531;MTY-003;Habían tres fiestas en mi casa.;habían;imperfecto;entrevista
T0674;MTY-011;Había tres fiestas en la carretera.;había;imperfecto;conversación
T0506;MTY-002;Habrían nuevas reglas en la colonia.;habrían;condicional;conversación
T0588;MTY-006;Habrá tres fiestas en el centro.;habrá;futuro;conversación
T0683;MTY-011;Habrían nuevas reglas en la colonia.;habrían;condicional;entrevista
T0511;MTY-002;Había pocas oportunidades el año pasado.;había;imperfecto;entrevista
T0604;MTY-007;Habían tres fiestas ayer en la tarde.;habían;imperfecto;conversación
T0491;MTY-001;Ha habido muchas lluvias en el mercado.;ha habido;presente perfecto;conversación
T0555;MTY-004;Hubieron algunos robos en mi casa.;hubieron;pretérito;conversación
T0607;MTY-007;Habían algunos robos en el centro.;habían;imperfecto;conversación
T0552;MTY-004;Habían pocas oportunidades el año pasado.;habían;imperfecto;conversación
T0516;MTY-002;Habían algunos robos en mi casa.;habían;imperfecto;conversación
T0577;MTY-005;Habían varios heridos en la colonia.;habían;imperfecto;entrevista
T0624;MTY-008;Habían tres fiestas en mi casa.;habían;imperfecto;conversación
T0667;MTY-010;Había dos accidentes en el centro.;Había;imperfecto;conversación
T0692;MTY-012;Habría pocas oportunidades ayer en la tarde.;habría;condicional;entrevista
T0685;MTY-011;Había unos perros en la colonia.;había;imperfecto;entrevista
T0647;MTY-009;Había varias tiendas en mi casa.;había;imperfecto;conversación
T0682;MTY-011;Ha habido pocas oportunidades en el mercado.;ha habido;presente perfecto;conversación
T0626;MTY-008;Hubieron dos accidentes ayer en la tarde.;hubieron;pretérito;conversación
T0565;MTY-005;Ha habido varios heridos en mi casa.;ha habido;presente perfecto;entrevista
T0503;MTY-001;Hubo demasiados coches en la colonia.;Hubo;pretérito;conversación
T0584;MTY-006;Han habido dos accidentes el año pasado.;han habido ;presente perfecto;conversación
T0614;MTY-007;Hubieron dos accidentes por aquí.;hubieron;pretérito;entrevista
T0698;MTY-012;Hubo demasiados coches en la junta.;hubo;pretérito;entrevista
T0510;MTY-002;Habrá unos perros en la colonia.;habrá;futuro;conversación
T0629;MTY-008;Había unos perros en mi casa.;había;imperfecto;entrevista
T0548;MTY-004;Habían pocas oportunidades en el centro.;habían;imperfecto;conversación
T0688;MTY-011;Hubo varias tiendas ayer en la tarde.;hubo;pretérito;conversación
T0562;MTY-005;Ha habido muchos niños en la escuela.;ha habido;presente perfecto;conversación
T0684;MTY-011;Había varios problemas en mi casa.;había;imperfecto;conversación
T0582;MTY-006;Hubo muchos niños en el centro.;hubo;pretérito;entrevista
T0687;MTY-011;Había varios problemas el año pasado.;había;imperfecto;conversación
T0707;MTY-012;Habrá nuevas reglas ayer en la tarde.;habrá;futuro;entrevista
T0493;MTY-001;Hubo dos accidentes en la escuela.;hubo;pretérito;conversación
T0608;MTY-007;Habían tres fiestas ayer en la tarde.;habían;imperfecto;conversación
T0515;MTY-002;Habían demasiados coches el año pasado.;habían;imperfecto;conversación
T0704;MTY-012;Habían muchas quejas en la escuela.;habían;imperfecto;conversación
T0667;MTY-010;Había dos accidentes en el centro.;Había;imperfecto;conversación
T0538;MTY-003;Habían muchas lluvias en la junta.;habían ;imperfecto;entrevista
T0712;MTY-012;Habían varios problemas en el mercado.;habían;imperfecto;conversación
T0513;MTY-002;Habían demasiados coches en el mercado.;habían;imperfecto;conversación
T0691;MTY-012;Había varios heridos en la carretera.;había;imperfecto;entrevista
T0637;MTY-009;Habían algunos robos en la escuela.;habían;imperfecto;entrevista
T0600;MTY-007;Han habido muchas personas en la junta.;han habido;presente perfecto;conversación
T0545;MTY-004;Hubieron tres fiestas en la carretera.;hubieron;pretérito;entrevista
T0644;MTY-009;Habrá pocas oportunidades por aquí.;habrá;futuro;conversación
T0611;MTY-007;Habían varios problemas en mi casa.;habían;imperfecto;conversación
T0636;MTY-009;Ha habido muchos niños en el centro.;ha habido;presente perfecto;conversación
T0711;MTY-012;Habían varios problemas en la escuela.;habían;imperfecto;conversación
T0579;MTY-005;Habían algunos robos en la junta.;habían;imperfecto;conversación
T0598;MTY-007;Habrán varias tiendas en la colonia.;habrán;futuro;conversación
T0641;MTY-009;Ha habido varias tiendas por aquí.;HA HABIDO;presente perfecto;entrevista
T0689;MTY-011;Había varios heridos en la junta.;había;imperfecto;entrevista
T0585;MTY-006;Habían demasiados coches en mi casa.;habían;imperfecto;conversación
T0656;MTY-010;Habrá varias tiendas en la escuela.;habrá;futuro;conversación
T0699;MTY-012;Hubo nuevas reglas en la escuela.;hubo;pretérito;entrevista
T0595;MTY-006;Habrán muchas lluvias en la junta.;habrán;futuro;entrevista
T0529;MTY-003;Han habido pocas oportunidades ayer en la tarde.;han habido;presente perfecto;entrevista
T0537;MTY-003;Habrían muchos niños el año pasado.;habrían;condicional;entrevista
T0615;MTY-007;Habían muchos niños en la carretera.;Habían;imperfecto;conversación
T0524;MTY-003;Ha habido nuevas reglas en la junta.;ha habido;presente perfecto;conversación
T0700;MTY-012;Había muchos niños en el centro.;había;imperfecto;conversación
T0679;MTY-011;Había tres fiestas en el centro.;había;imperfecto;conversación
T0645;MTY-009;Habían varias tiendas ayer en la tarde.;habían;imperfecto;conversación
T0669;MTY-010;Hubo varias tiendas en el mercado.;hubo;pretérito;conversación
T0490;MTY-001;Había tres fiestas ayer en la tarde.;había;imperfecto;conversación
T0533;MTY-003;Han habido demasiados coches en la escuela.;han habido;presente perfecto;conversación
T0547;MTY-004;Habrían algunos robos en la carretera.;habrían;condicional;entrevista
T0497;MTY-001;Habían varias tiendas el año pasado.;habían;imperfecto;entrevista
T0539;MTY-003;Habían demasiados coches en el centro.;habían;imperfecto;conversación
T0635;MTY-009;Había nuevas reglas ayer en la tarde.;había;imperfecto;entrevista
T0696;MTY-012;Había muchas quejas en la carretera.;había;imperfecto;conversación
T0570;MTY-005;Había dos accidentes en la carretera.;había;imperfecto;entrevista
T0485;MTY-001;Hubo nuevas reglas el año pasado.;hubo ;pretérito;conversación
T0574;MTY-005;Habían tres fiestas en la carretera.;habían;imperfecto;entrevista
T0632;MTY-008;Habían muchos niños el año pasado.;habían;imperfecto;entrevista
T0663;MTY-010;Hubo unos perros en la escuela.;hubo;pretérito;entrevista
T0560;MTY-005;Había nuevas reglas el año pasado.;había;imperfecto;entrevista
T0512;MTY-002;Hubo muchas lluvias en la carretera.;hubo;pretérito;conversación
T0676;MTY-011;Había varias tiendas ayer en la tarde.;había;imperfecto;entrevista
T0561;MTY-005;Habían algunos robos en el mercado.;habían;imperfecto;conversación
T0568;MTY-005;Habría muchas personas ayer en la tarde.;habría;condicional;conversación
T0638;MTY-009;Habían muchas quejas en el mercado.;habían;imperfecto;entrevista
T0549;MTY-004;Han habido muchos niños en la colonia.;han habido;presente perfecto;conversación
T0708;MTY-012;Habían muchas quejas en mi casa.;habían;imperfecto;conversación
T0694;MTY-012;Hubieron dos accidentes en la carretera.;hubieron;pretérito;entrevista
T0668;MTY-010;Ha habido muchas lluvias en la colonia.;ha habido;presente perfecto;conversación
T0653;MTY-010;Habría varios heridos ayer en la tarde.;habría;condicional;conversación
T0665;MTY-010;Habían varias tiendas en mi casa.;habían;imperfecto;entrevista
T0658;MTY-010;Hubo varios heridos en la carretera.;hubo;pretérito;conversación
T0588;MTY-006;Habrá tres fiestas en el centro.;habrá;futuro;conversación
T0523;MTY-003;Habían tres fiestas en la escuela.;habían;imperfecto;entrevista
T0492;MTY-001;Hubo varios problemas en la colonia.;hubo;pretérito;conversación
T0677;MTY-011;Habían muchas quejas en la junta.;habían;imperfecto;entrevista
T0706;MTY-012;Hubieron dos accidentes en el centro.;hubieron;pretérito;entrevista
T0550;MTY-004;Habían nuevas reglas en el mercado.;habían;imperfecto;conversación
T0495;MTY-001;Ha habido nuevas reglas ayer en la tarde.;ha habido;presente perfecto;conversación
T0646;MTY-009;Habrán varias tiendas en mi casa.;habrán;futuro;entrevista
T0603;MTY-007;Habrían nuevas reglas en mi casa.;habrían;condicional;conversación
T0518;MTY-002;Habrá tres fiestas en el centro.;habrá;futuro;conversación
T0576;MTY-005;Hubieron varios heridos en la escuela.;hubieron;pretérito;conversación
T0522;MTY-002;Hubo pocas oportunidades en la escuela.;hubo;pretérito;conversación
T0528;MTY-003;Habrían algunos robos en la escuela.;habrían;condicional;conversación
T0575;MTY-005;Habían unos perros en el centro.;habían;imperfecto;entrevista
T0494;MTY-001;Hubieron unos perros en la colonia.;hubieron;pretérito;conversación
