id_ocurrencia	informante	enunciado	forma	tiempo	registro
T0329	GDL-005	Habría tres fiestas por aquí.	habría	condicional	conversación
T0330	GDL-005	Habían tres fiestas en la junta.	habían	imperfecto	entrevista
T0458	GDL-011	Habrán varios problemas en la escuela.	habrán	futuro	conversación
T0281	GDL-003	Había demasiados coches en la escuela.	había	imperfecto	entrevista
T0306	GDL-004	Habían unos perros en la escuela.	habían	imperfecto	entrevista
T0280	GDL-003	Han habido dos accidentes en mi casa.	han habido	presente perfecto	conversación
T0430	GDL-010	Hubieron pocas oportunidades en la carretera.	hubieron	pretérito	conversación
T0394	GDL-008	Había nuevas reglas en la escuela.	había	imperfecto	entrevista
T0389	GDL-008	Habría muchas quejas en la colonia.	habría	condicional	entrevista
T0379	GDL-007	Habrán varios problemas en mi casa.	habrán	futuro	entrevista
T0478	GDL-012	Habían tres fiestas en la carretera.	habían	imperfecto	conversación
T0424	GDL-009	Había algunos robos el año pasado.	había	imperfecto	entrevista
T0278	GDL-003	Había nuevas reglas en la junta.	había	imperfecto	conversación
T0249	GDL-002	Habrán muchas quejas el año pasado.	habrán	futuro	entrevista
T0304	GDL-004	Habían dos accidentes en el mercado.	habían	imperfecto	conversación
T0253	GDL-002	Habían unos perros en la escuela.	habían	imperfecto	conversación
T0460	GDL-011	Había unos perros ayer en la tarde.	había	imperfecto	entrevista
T0380	GDL-007	Habían nuevas reglas en la escuela.	habían	imperfecto	entrevista
T0312	GDL-004	Ha habido muchas lluvias en mi casa.	ha habido	presente perfecto	conversación
T0337	GDL-005	Hubo muchos niños en la junta.	hubo	pretérito	conversación
T0483	GDL-012	Habrá nuevas reglas en mi casa.	habrá	futuro	entrevista
T0357	GDL-006	Habían tres fiestas en la colonia.	habían 	imperfecto	conversación
T0452	GDL-011	Hubieron muchos niños en la escuela.	hubieron	pretérito	conversación
T0360	GDL-006	Habrían muchas lluvias en la junta.	habrían	condicional	conversación
T0455	GDL-011	Habrá muchas quejas en la escuela.	habrá	futuro	conversación
T0388	GDL-008	Habrá muchos niños por aquí.	habrá	futuro	entrevista
T0403	GDL-009	Hubo tres fiestas en la junta.	hubo	pretérito	entrevista
T0423	GDL-009	Han habido algunos robos en la colonia.	HAN HABIDO	presente perfecto	conversación
T0412	GDL-009	Habían muchas quejas en mi casa.	habían	imperfecto	conversación
T0391	GDL-008	Habían varios heridos el año pasado.	habían	imperfecto	conversación
T0365	GDL-007	Había nuevas reglas en la junta.	había	imperfecto	entrevista
T0381	GDL-007	Había muchos niños en la colonia.	había	imperfecto	entrevista
T0415	GDL-009	Habría pocas oportunidades el año pasado.	habría	condicional	conversación
T0446	GDL-011	Habrá unos perros en el centro.	habrá	futuro	conversación
T0341	GDL-006	Habrá varios heridos en el centro.	habrá	futuro	entrevista
T0397	GDL-008	Habían dos accidentes en la carretera.	habían	imperfecto	conversación
T0399	GDL-008	Ha habido algunos robos en el mercado.	ha habido	presente perfecto	conversación
T0366	GDL-007	Habían muchas quejas en mi casa.	habían	imperfecto	conversación
T0398	GDL-008	Hubo pocas oportunidades ayer en la tarde.	hubo	pretérito	conversación
T0331	GDL-005	Ha habido nuevas reglas en el centro.	ha habido	presente perfecto	conversación
T0335	GDL-005	Hubieron pocas oportunidades ayer en la tarde.	hubieron	pretérito	conversación
T0276	GDL-003	Hubo tres fiestas en la escuela.	hubo	pretérito	entrevista
T0434	GDL-010	Habían algunos robos en la colonia.	habían	imperfecto	conversación
T0252	GDL-002	Habría algunos robos en la escuela.	habría	condicional	conversación
T0477	GDL-012	Hubo tres fiestas en la junta.	hubo	pretérito	entrevista
T0422	GDL-009	Hubo demasiados coches el año pasado.	hubo	pretérito	conversación
T0439	GDL-010	Había dos accidentes en mi casa.		imperfecto	conversación
T0475	GDL-012	Habían varios heridos el año pasado.		imperfecto	entrevista
T0339	GDL-006	Había demasiados coches en mi casa.	había	imperfecto	conversación
T0421	GDL-009	Hubieron dos accidentes en la carretera.	hubieron	pretérito	entrevista
T0272	GDL-003	Habían muchas personas en la escuela.	habían	imperfecto	conversación
T0342	GDL-006	Habrían muchas personas en la carretera.	habrían	condicional	entrevista
T0232	GDL-001	Habrían tres fiestas en la escuela.	habrían	condicional	conversación
T0266	GDL-002	Habrán muchos niños en el centro.	habrán	futuro	conversación
T0288	GDL-003	Habían nuevas reglas en la colonia.	habían	imperfecto	entrevista
T0482	GDL-012	Había unos perros por aquí.	Había	imperfecto	entrevista
T0294	GDL-004	Hubieron muchas personas en la colonia.	hubieron	pretérito	entrevista
T0327	GDL-005	Habían unos perros en la carretera.	habían	imperfecto	conversación
T0476	GDL-012	Habrá nuevas reglas en el mercado.	habrá	futuro	entrevista
T0323	GDL-005	Había tres fiestas en mi casa.	había	imperfecto	conversación
T0392	GDL-008	Hubo tres fiestas en el mercado.	hubo	pretérito	entrevista
T0372	GDL-007	Habría dos accidentes en la carretera.	habría	condicional	conversación
T0401	GDL-008	Habrían algunos robos en la carretera.	habrían	condicional	entrevista
T0470	GDL-012	Hubo muchas lluvias en el centro.	hubo	pretérito	conversación
T0286	GDL-003	Habían muchas quejas por aquí.	habían	imperfecto	conversación
T0463	GDL-011	Había varias tiendas en el mercado.	había	imperfecto	conversación
T0346	GDL-006	Habían nuevas reglas en la escuela.	habían	imperfecto	entrevista
T0317	GDL-004	Han habido muchas personas en mi casa.	Han habido	presente perfecto	entrevista
T0427	GDL-009	Habían varios problemas por aquí.	habían	imperfecto	conversación
T0350	GDL-006	Hubieron tres fiestas el año pasado.	hubieron	pretérito	conversación
T0344	GDL-006	Habían dos accidentes en la escuela.	habían	imperfecto	entrevista
T0245	GDL-001	Habían varios heridos en el mercado.	habían	imperfecto	conversación
T0405	GDL-009	Habían varios problemas ayer en la tarde.	habían	imperfecto	entrevista
T0449	GDL-011	Habían tres fiestas en la colonia.	habían	imperfecto	conversación
T0469	GDL-012	Había muchas quejas en la escuela.	había	imperfecto	conversación
T0310	GDL-004	Habían tres fiestas en la carretera.	habían	imperfecto	conversación
T0262	GDL-002	Habían varios problemas por aquí.		imperfecto	conversación
T0319	GDL-005	Habrá unos perros el año pasado.	habrá	futuro	conversación
T0255	GDL-002	Han habido dos accidentes en la junta.	han habido	presente perfecto	conversación
T0236	GDL-001	Ha habido muchas lluvias el año pasado.	ha habido	presente perfecto	entrevista
T0377	GDL-007	Había algunos robos en el centro.	había	imperfecto	entrevista
T0480	GDL-012	Habría demasiados coches por aquí.	habría	condicional	conversación
T0339	GDL-006	Había demasiados coches en mi casa.	había	imperfecto	conversación
T0413	GDL-009	Hubo muchos niños ayer en la tarde.	hubo	pretérito	conversación
T0361	GDL-007	Habrá nuevas reglas en el mercado.	habrá	futuro	entrevista
T0438	GDL-010	Hubo unos perros en el mercado.	hubo	pretérito	conversación
T0363	GDL-007	Hubo muchas quejas en mi casa.	hubo	pretérito	conversación
T0314	GDL-004	Hubo varios heridos en la junta.	hubo	pretérito	conversación
T0258	GDL-002	Han habido pocas oportunidades en el mercado.	han habido	presente perfecto	conversación
T0324	GDL-005	Habrá varios heridos en la escuela.	habrá	futuro	entrevista
T0247	GDL-002	Habría demasiados coches el año pasado.	habría	condicional	conversación
T0270	GDL-003	Hubo algunos robos en la junta.		pretérito	conversación
T0369	GDL-007	Habrán unos perros en el mercado.	habrán	futuro	entrevista
T0307	GDL-004	Habrán muchos niños en el mercado.	habrán	futuro	conversación
T0410	GDL-009	Habían algunos robos en el centro.	habían	imperfecto	entrevista
T0396	GDL-008	Hubo dos accidentes en la carretera.	hubo	pretérito	conversación
T0416	GDL-009	Habían varios heridos ayer en la tarde.	habían	imperfecto	conversación
T0338	GDL-006	Habían muchas lluvias en mi casa.	habían	imperfecto	conversación
T0442	GDL-011	Habrá muchas lluvias en el centro.	habrá	futuro	conversación
T0411	GDL-009	Habrían dos accidentes el año pasado.	habrían	condicional	entrevista
T0467	GDL-011	Hubieron muchas personas en la escuela.	hubieron	pretérito	conversación
T0273	GDL-003	Había varios problemas en el mercado.	había	imperfecto	conversación
T0407	GDL-009	Habrá pocas oportunidades en mi casa.	habrá	futuro	entrevista
T0309	GDL-004	Hubo tres fiestas en la escuela.	hubo 	pretérito	entrevista
T0364	GDL-007	Hubieron varios problemas en la escuela.	hubieron	pretérito	entrevista
T0238	GDL-001	Hubo muchas personas en mi casa.	hubo	pretérito	conversación
T0393	GDL-008	Hubo varios heridos en la carretera.	hubo	pretérito	conversación
T0311	GDL-004	Habían muchos niños en mi casa.	habían	imperfecto	conversación
T0448	GDL-011	Hubieron tres fiestas en la escuela.	hubieron	pretérito	conversación
T0447	GDL-011	Había algunos robos en la escuela.	Había	imperfecto	conversación
T0384	GDL-008	Habrá nuevas reglas en la colonia.		futuro	entrevista
T0437	GDL-010	Ha habido muchas personas en mi casa.	ha habido	presente perfecto	entrevista
T0332	GDL-005	Habrían varias tiendas el año pasado.	habrían	condicional	entrevista
T0445	GDL-011	Había nuevas reglas en la carretera.	HABÍA	imperfecto	conversación
T0385	GDL-008	Hubieron muchas quejas en el centro.	hubieron	pretérito	conversación
T0347	GDL-006	Hubo demasiados coches en la carretera.	hubo	pretérito	conversación
T0368	GDL-007	Hubo varios heridos ayer en la tarde.	hubo	pretérito	entrevista
T0267	GDL-002	Habrían muchos niños en la carretera.	habrían	condicional	entrevista
T0282	GDL-003	Hubo pocas oportunidades en la carretera.	Hubo	pretérito	conversación
T0240	GDL-001	Habrán tres fiestas en el centro.	habrán	futuro	conversación
T0383	GDL-008	Habían pocas oportunidades ayer en la tarde.	habían	imperfecto	conversación
T0459	GDL-011	Había algunos robos en el mercado.	Había	imperfecto	conversación
T0371	GDL-007	Ha habido nuevas reglas en mi casa.	ha habido	presente perfecto	conversación
T0239	GDL-001	Habrían algunos robos ayer en la tarde.	habrían	condicional	entrevista
T0268	GDL-003	Hubo varios problemas en la escuela.	hubo	pretérito	entrevista
T0261	GDL-002	Hubieron varios heridos en la escuela.	hubieron	pretérito	entrevista
T0287	GDL-003	Hubieron unos perros por aquí.	hubieron	pretérito	conversación
T0349	GDL-006	Habían muchas quejas por aquí.	habían	imperfecto	conversación
T0343	GDL-006	Habían muchas quejas en la escuela.	habían	imperfecto	entrevista
T0351	GDL-006	Habían demasiados coches en la junta.	habían	imperfecto	conversación
T0425	GDL-009	Hubieron demasiados coches el año pasado.	hubieron	pretérito	conversación
T0464	GDL-011	Ha habido varios heridos en la escuela.	ha habido	presente perfecto	conversación
T0277	GDL-003	Habían muchos niños en la junta.	habían	imperfecto	entrevista
T0305	GDL-004	Habían dos accidentes en el mercado.	habían	imperfecto	conversación
T0390	GDL-008	Había muchas lluvias en la junta.	Había	imperfecto	conversación
T0244	GDL-001	Hubieron muchas lluvias ayer en la tarde.	hubieron 	pretérito	conversación
T0302	GDL-004	Habían varios heridos ayer en la tarde.	habían	imperfecto	entrevista
T0274	GDL-003	Hubieron varios problemas en la junta.	hubieron	pretérito	entrevista
T0237	GDL-001	Habían varios problemas en el mercado.	Habían	imperfecto	conversación
T0358	GDL-006	Habrán nuevas reglas en el centro.	habrán	futuro	entrevista
T0313	GDL-004	Habían unos perros en mi casa.	habían	imperfecto	conversación
T0375	GDL-007	Hubo varias tiendas ayer en la tarde.	hubo	pretérito	conversación
T0382	GDL-008	Han habido nuevas reglas en la colonia.	han habido	presente perfecto	conversación
T0441	GDL-010	Había unos perros en la escuela.	había	imperfecto	conversación
T0461	GDL-011	Había muchas quejas en la colonia.	había	imperfecto	conversación
T0242	GDL-001	Habían unos perros en la carretera.	habían	imperfecto	conversación
T0299	GDL-004	Habrían varios heridos en mi casa.	habrían	condicional	conversación
T0303	GDL-004	Habían nuevas reglas por aquí.	habían	imperfecto	entrevista
T0428	GDL-010	Hubo nuevas reglas en la carretera.	hubo	pretérito	conversación
T0419	GDL-009	Hubo muchas lluvias en mi casa.	hubo	pretérito	conversación
T0354	GDL-006	Ha habido muchas quejas en el mercado.	ha habido	presente perfecto	conversación
T0456	GDL-011	Habrá varios problemas el año pasado.	habrá	futuro	conversación
T0248	GDL-002	Había muchas personas el año pasado.	había	imperfecto	conversación
T0443	GDL-011	Hubo demasiados coches en mi casa.	hubo	pretérito	entrevista
T0436	GDL-010	Había varias tiendas en la carretera.	había	imperfecto	entrevista
T0292	GDL-003	Habían muchos niños por aquí.	habían	imperfecto	conversación
T0285	GDL-003	Habrían algunos robos en la colonia.	habrían	condicional	conversación
T0284	GDL-003	Ha habido tres fiestas en la colonia.	ha habido	presente perfecto	conversación
T0373	GDL-007	Han habido nuevas reglas en mi casa.	han habido	presente perfecto	entrevista
T0243	GDL-001	Han habido dos accidentes por aquí.	han habido	presente perfecto	entrevista
T0367	GDL-007	Habían muchas personas por aquí.	habían	imperfecto	entrevista
T0234	GDL-001	Habrán muchos niños ayer en la tarde.	habrán	futuro	conversación
T0465	GDL-011	Habría varias tiendas en la junta.	habría	condicional	conversación
T0472	GDL-012	Ha habido unos perros en el centro.	ha habido	presente perfecto	conversación
T0279	GDL-003	Habían pocas oportunidades en la escuela.	habían	imperfecto	conversación
T0308	GDL-004	Ha habido tres fiestas en la colonia.	ha habido	presente perfecto	entrevista
T0321	GDL-005	Habrían varios problemas en el centro.	habrían	condicional	conversación
T0283	GDL-003	Habrá muchas quejas en el mercado.	habrá	futuro	conversación
T0404	GDL-009	Hubo unos perros por aquí.	hubo	pretérito	entrevista
T0233	GDL-001	Han habido varios problemas en la carretera.	han habido	presente perfecto	entrevista
T0453	GDL-011	Había nuevas reglas en mi casa.	había	imperfecto	entrevista
T0293	GDL-003	Habían muchas quejas el año pasado.	habían	imperfecto	conversación
T0471	GDL-012	Ha habido varios heridos el año pasado.	ha habido	presente perfecto	conversación
T0457	GDL-011	Había varios heridos ayer en la tarde.	había	imperfecto	conversación
T0429	GDL-010	Habrá algunos robos en la escuela.	habrá	futuro	conversación
T0473	GDL-012	Habrán varios problemas en el mercado.	habrán	futuro	conversación
T0440	GDL-010	Había muchas quejas en la junta.	había	imperfecto	entrevista
T0263	GDL-002	Habían tres fiestas el año pasado.	habían 	imperfecto	conversación
T0251	GDL-002	Habían muchas quejas en la escuela.	habían	imperfecto	conversación
T0406	GDL-009	Hubo algunos robos en la colonia.	hubo	pretérito	conversación
T0259	GDL-002	Hubo muchos niños ayer en la tarde.	hubo	pretérito	entrevista
T0348	GDL-006	Habían varias tiendas en mi casa.	habían	imperfecto	conversación
T0300	GDL-004	Han habido nuevas reglas el año pasado.	han habido	presente perfecto	conversación
T0418	GDL-009	Habían muchos niños en la escuela.	habían	imperfecto	conversación
T0296	GDL-004	Había varios heridos en la carretera.	HABÍA	imperfecto	conversación
T0295	GDL-004	Han habido muchas personas en la colonia.	han habido	presente perfecto	conversación
T0318	GDL-004	Han habido muchas quejas en la junta.	HAN HABIDO	presente perfecto	entrevista
T0481	GDL-012	Habrá unos perros en la colonia.	habrá 	futuro	conversación
T0275	GDL-003	Hubo dos accidentes ayer en la tarde.	hubo	pretérito	entrevista
T0333	GDL-005	Hubo muchos niños en el centro.	hubo	pretérito	conversación
T0246	GDL-002	Habrán unos perros por aquí.	habrán	futuro	conversación
T0450	GDL-011	Hubo varios heridos en la carretera.	hubo	pretérito	entrevista
T0297	GDL-004	Habrían unos perros en la escuela.	habrían	condicional	entrevista
T0362	GDL-007	Habían tres fiestas por aquí.	habían	imperfecto	conversación
T0374	GDL-007	Habrán demasiados coches el año pasado.	habrán	futuro	conversación
T0405	GDL-009	Habían varios problemas ayer en la tarde.	habían	imperfecto	entrevista
T0432	GDL-010	Había tres fiestas en el centro.	había	imperfecto	entrevista
T0474	GDL-012	Había pocas oportunidades en la colonia.	había	imperfecto	conversación
T0355	GDL-006	Habrán demasiados coches en mi casa.	habrán	futuro	conversación
T0345	GDL-006	Habían pocas oportunidades en la junta.	habían	imperfecto	conversación
T0352	GDL-006	Habrá muchas lluvias el año pasado.	habrá	futuro	conversación
T0235	GDL-001	Habían varias tiendas en la carretera.	habían	imperfecto	conversación
T0378	GDL-007	Habían varios heridos en la junta.	Habían	imperfecto	conversación
T0264	GDL-002	Habían algunos robos por aquí.	habían	imperfecto	conversación
T0265	GDL-002	Habían muchas quejas en mi casa.	habían	imperfecto	entrevista
T0320	GDL-005	Habían muchas lluvias en el centro.	habían	imperfecto	entrevista
T0386	GDL-008	Había nuevas reglas en mi casa.	había	imperfecto	conversación
T0468	GDL-012	Habría varios problemas en mi casa.	habría	condicional	conversación
T0395	GDL-008	Ha habido muchas lluvias en la carretera.	ha habido	presente perfecto	conversación
T0370	GDL-007	Ha habido varios problemas en mi casa.	ha habido	presente perfecto	entrevista
T0289	GDL-003	Habían muchos niños en la escuela.	habían	imperfecto	entrevista
T0291	GDL-003	Habían pocas oportunidades en la junta.	habían	imperfecto	conversación
T0351	GDL-006	Habían demasiados coches en la junta.	habían	imperfecto	conversación
T0316	GDL-004	Habrían muchas personas en el mercado.	habrían	condicional	conversación
T0336	GDL-005	Habrían pocas oportunidades ayer en la tarde.	habrían	condicional	entrevista
T0298	GDL-004	Había varias tiendas en la escuela.	había	imperfecto	conversación
T0387	GDL-008	Han habido unos perros en el centro.	han habido	presente perfecto	entrevista
T0462	GDL-011	Habían algunos robos en el centro.	habían	imperfecto	entrevista
T0271	GDL-003	Habían varios problemas en la colonia.	habían	imperfecto	conversación
T0466	GDL-011	Había muchas lluvias ayer en la tarde.	había	imperfecto	conversación
T0414	GDL-009	Ha habido demasiados coches el año pasado.	ha habido	presente perfecto	entrevista
T0451	GDL-011	Había varias tiendas en el mercado.	HABÍA	imperfecto	conversación
T0269	GDL-003	Habían varios problemas el año pasado.	habían	imperfecto	conversación
T0257	GDL-002	Había demasiados coches en el mercado.	había	imperfecto	conversación
T0402	GDL-009	Habían tres fiestas en la junta.	habían	imperfecto	entrevista
T0322	GDL-005	Hubo muchos niños por aquí.	hubo	pretérito	entrevista
T0327	GDL-005	Habían unos perros en la carretera.	habían	imperfecto	conversación
T0433	GDL-010	Hubo varios heridos en mi casa.	hubo	pretérito	conversación
T0260	GDL-002	Habrán tres fiestas el año pasado.	habrán	futuro	entrevista
T0479	GDL-012	Habían varias tiendas ayer en la tarde.	habían	imperfecto	entrevista
T0417	GDL-009	Habían pocas oportunidades en la colonia.	habían	imperfecto	entrevista
T0408	GDL-009	Habrían algunos robos en la junta.	habrían	condicional	conversación
T0290	GDL-003	Han habido tres fiestas el año pasado.	han habido	presente perfecto	conversación
T0454	GDL-011	Habrían muchos niños en la carretera.	habrían	condicional	entrevista
T0328	GDL-005	Habían pocas oportunidades en la escuela.	habían	imperfecto	conversación
T0444	GDL-011	Había muchas quejas el año pasado.	había	imperfecto	entrevista
T0356	GDL-006	Habían muchas quejas en la escuela.	habían	imperfecto	entrevista
T0353	GDL-006	Han habido muchos niños en el mercado.	han habido	presente perfecto	conversación
T0315	GDL-004	Habrían demasiados coches en mi casa.	habrían	condicional	entrevista
T0431	GDL-010	Había varias tiendas en la colonia.	había	imperfecto	conversación
T0254	GDL-002	Han habido muchas lluvias en mi casa.	han habido	presente perfecto	conversación
T0250	GDL-002	Habría unos perros en la carretera.	habría	condicional	conversación
T0420	GDL-009	Había muchas lluvias en el mercado.	había	imperfecto	conversación
T0301	GDL-004	Habían muchas quejas en la carretera.	habían	imperfecto	conversación
T0334	GDL-005	Había dos accidentes el año pasado.	había	imperfecto	entrevista
T0400	GDL-008	Había varios problemas en el centro.	HABÍA	imperfecto	conversación
T0359	GDL-006	Hubieron varios heridos el año pasado.	hubieron	pretérito	conversación
T0256	GDL-002	Habría demasiados coches por aquí.	habría	condicional	entrevista
T0340	GDL-006	Habían algunos robos ayer en la tarde.	habían	imperfecto	conversación
T0241	GDL-001	Habrían dos accidentes el año pasado.	habrían	condicional	conversación
T0376	GDL-007	Hubieron muchas quejas en el mercado.	hubieron	pretérito	conversación
T0326	GDL-005	Habían pocas oportunidades en la escuela.	habían	imperfecto	conversación
T0409	GDL-009	Había muchas lluvias el año pasado.	había	imperfecto	entrevista
T0426	GDL-009	Hubo unos perros en la carretera.	HUBO	pretérito	entrevista
T0435	GDL-010	Hubo muchos niños en el centro.	hubo	pretérito	conversación
T0325	GDL-005	Hubo varios heridos en la colonia.	hubo	pretérito	conversación
T0714	GDL-099	Habían muchas personas en el centro.	habían	imperfecto	entrevista
T0715	GDL-099	Habían muchas personas en el centro.	habían	imperfecto	entrevista
T0716	GDL-099	Habían muchas personas en el centro.	habían	imperfecto	entrevista
