id_ocurrencia,informante,enunciado,forma,tiempo,registro
T0014,CDMX-001,Había muchos niños en la junta.,había,imperfecto,entrevista
T0046,CDMX-003,Habrá varios heridos en la junta.,habrá,futuro,entrevista
T0200,CDMX-011,Había nuevas reglas en la junta.,había,imperfecto,conversación
T0226,CDMX-012,Habían varios heridos en la escuela.,habían,imperfecto,conversación
T0015,CDMX-001,Han habido pocas oportunidades el año pasado.,han habido,presente perfecto,conversación
T0119,CDMX-007,Había dos accidentes en la junta.,había,imperfecto,conversación
T0099,CDMX-006,Habrán demasiados coches en la carretera.,habrán,futuro,conversación
T0192,CDMX-010,Ha habido algunos robos ayer en la tarde.,ha habido,presente perfecto,conversación
T0127,CDMX-007,Hubieron pocas oportunidades en el mercado.,hubieron,pretérito,entrevista
T0097,CDMX-006,Había muchas lluvias en mi casa.,Había,imperfecto,conversación
T0212,CDMX-012,Hubieron dos accidentes en la carretera.,hubieron,pretérito,conversación
T0078,CDMX-005,Habían algunos robos en la colonia.,habían,imperfecto,conversación
T0141,CDMX-008,Hubo algunos robos en mi casa.,hubo,pretérito,conversación
T0123,CDMX-007,Habrían varios heridos en la junta.,habrían,condicional,conversación
T0095,CDMX-006,Hubo varios problemas en la carretera.,hubo,pretérito,entrevista
T0168,CDMX-009,Habían dos accidentes en la colonia.,habían,imperfecto,entrevista
T0036,CDMX-002,Habían algunos robos ayer en la tarde.,habían,imperfecto,entrevista
T0146,CDMX-008,Había pocas oportunidades el año pasado.,había,imperfecto,conversación
T0130,CDMX-007,Había muchas quejas por aquí.,había,imperfecto,conversación
T0042,CDMX-003,Habían varias tiendas en la escuela.,habían,imperfecto,entrevista
T0170,CDMX-010,Ha habido demasiados coches en el mercado.,ha habido,presente perfecto,conversación
T0011,CDMX-001,Habían unos perros ayer en la tarde.,habían ,imperfecto,entrevista
T0038,CDMX-003,Habían pocas oportunidades en la junta.,habían,imperfecto,conversación
T0159,CDMX-009,Habrían algunos robos en el mercado.,habrían,condicional,conversación
T0088,CDMX-005,Hubo varias tiendas ayer en la tarde.,hubo,pretérito,entrevista
T0201,CDMX-011,Habrá pocas oportunidades en la carretera.,Habrá,futuro,entrevista
T0182,CDMX-010,Había muchas lluvias en mi casa.,había,imperfecto,conversación
T0154,CDMX-009,Habría varios heridos en el centro.,habría,condicional,entrevista
T0129,CDMX-007,Hubieron algunos robos en la carretera.,Hubieron,pretérito,conversación
T0221,CDMX-012,Ha habido muchas quejas en la escuela.,ha habido,presente perfecto,conversación
T0044,CDMX-003,Habrá muchas quejas en la carretera.,habrá,futuro,conversación
T0227,CDMX-012,Hubo muchos niños en mi casa.,hubo,pretérito,entrevista
T0101,CDMX-006,Habría muchas quejas en la junta.,,condicional,entrevista
T0143,CDMX-008,Habían nuevas reglas en el mercado.,habían,imperfecto,entrevista
T0150,CDMX-009,Ha habido pocas oportunidades en la escuela.,ha habido,presente perfecto,entrevista
T0179,CDMX-010,Había muchas lluvias en el centro.,había,imperfecto,entrevista
T0013,CDMX-001,Había demasiados coches ayer en la tarde.,había,imperfecto,conversación
T0135,CDMX-008,Habrán muchas lluvias en la carretera.,habrán,futuro,entrevista
T0149,CDMX-009,Ha habido muchas quejas ayer en la tarde.,ha habido,presente perfecto,conversación
T0224,CDMX-012,Habrá muchas lluvias en el mercado.,habrá,futuro,entrevista
T0079,CDMX-005,Habría muchas quejas en el centro.,habría,condicional,conversación
T0072,CDMX-005,Hubo varios heridos en la carretera.,hubo,pretérito,entrevista
T0010,CDMX-001,Hubo unos perros en la escuela.,hubo,pretérito,conversación
T0076,CDMX-005,Había muchas quejas ayer en la tarde.,había,imperfecto,entrevista
T0223,CDMX-012,Habría pocas oportunidades en el mercado.,habría,condicional,entrevista
T0228,CDMX-012,Ha habido unos perros en mi casa.,ha habido,presente perfecto,entrevista
T0117,CDMX-006,Habrían muchas personas en la junta.,habrían,condicional,conversación
T0001,CDMX-001,Habían muchas personas en la carretera.,habían,imperfecto,conversación
T0167,CDMX-009,Habían varios problemas en mi casa.,habían,imperfecto,entrevista
T0083,CDMX-005,Había demasiados coches en la junta.,había,imperfecto,entrevista
T0173,CDMX-010,Hubo muchas lluvias en mi casa.,hubo,pretérito,conversación
T0169,CDMX-010,Había algunos robos en el mercado.,había,imperfecto,entrevista
T0178,CDMX-010,Habría muchas quejas por aquí.,habría,condicional,conversación
T0165,CDMX-009,Habrían demasiados coches en la carretera.,habrían,condicional,conversación
T0175,CDMX-010,Había muchas personas ayer en la tarde.,había,imperfecto,entrevista
T0066,CDMX-004,Había tres fiestas en mi casa.,había,imperfecto,entrevista
T0058,CDMX-004,Había varios problemas el año pasado.,había,imperfecto,conversación
T0112,CDMX-006,Había muchas personas en la colonia.,HABÍA,imperfecto,entrevista
T0068,CDMX-004,Habían muchas quejas el año pasado.,habían,imperfecto,conversación
T0162,CDMX-009,Había varios heridos ayer en la tarde.,había,imperfecto,entrevista
T0177,CDMX-010,Había algunos robos en el mercado.,había,imperfecto,entrevista
T0155,CDMX-009,Había algunos robos por aquí.,había,imperfecto,entrevista
T0160,CDMX-009,Hubo varios problemas el año pasado.,hubo,pretérito,conversación
T0152,CDMX-009,Ha habido varias tiendas en el centro.,ha habido,presente perfecto,conversación
T0125,CDMX-007,Habría varios heridos ayer en la tarde.,habría,condicional,entrevista
T0140,CDMX-008,Habría varias tiendas en la carretera.,habría,condicional,conversación
T0099,CDMX-006,Habrán demasiados coches en la carretera.,habrán,futuro,conversación
T0190,CDMX-010,Hubo muchas lluvias en la colonia.,hubo,pretérito,conversación
T0214,CDMX-012,Hubo muchos niños en la carretera.,Hubo,pretérito,entrevista
T0134,CDMX-007,Ha habido tres fiestas en la escuela.,ha habido,presente perfecto,conversación
T0018,CDMX-002,Hubieron varios problemas ayer en la tarde.,hubieron,pretérito,conversación
T0024,CDMX-002,Habían varias tiendas en el centro.,habían,imperfecto,conversación
T0109,CDMX-006,Habrán varios problemas por aquí.,habrán,futuro,conversación
T0184,CDMX-010,Hubieron unos perros en la junta.,hubieron,pretérito,conversación
T0193,CDMX-010,Hubieron tres fiestas en la escuela.,hubieron,pretérito,entrevista
T0161,CDMX-009,Había nuevas reglas en el centro.,había,imperfecto,entrevista
T0106,CDMX-006,Ha habido tres fiestas en la carretera.,ha habido,presente perfecto,conversación
T0145,CDMX-008,Habían tres fiestas en la escuela.,habían,imperfecto,conversación
T0003,CDMX-001,Habría demasiados coches en el centro.,habría,condicional,conversación
T0163,CDMX-009,Hubo varios problemas en el mercado.,hubo,pretérito,conversación
T0220,CDMX-012,Habrá nuevas reglas en el centro.,habrá,futuro,conversación
T0091,CDMX-005,Habían nuevas reglas por aquí.,habían,imperfecto,conversación
T0105,CDMX-006,Habían pocas oportunidades en el centro.,habían,imperfecto,conversación
T0156,CDMX-009,Habrían unos perros el año pasado.,habrían,condicional,conversación
T0031,CDMX-002,Ha habido muchas personas en mi casa.,ha habido,presente perfecto,entrevista
T0148,CDMX-008,Hubieron varias tiendas en mi casa.,hubieron,pretérito,entrevista
T0056,CDMX-004,Habrá muchas personas en el centro.,habrá,futuro,conversación
T0059,CDMX-004,Habían muchas quejas en el mercado.,habían,imperfecto,conversación
T0026,CDMX-002,Habrá algunos robos en la colonia.,habrá,futuro,conversación
T0049,CDMX-003,Hubo algunos robos el año pasado.,hubo,pretérito,conversación
T0138,CDMX-008,Hubieron varias tiendas en la colonia.,hubieron,pretérito,entrevista
T0139,CDMX-008,Ha habido unos perros en el mercado.,ha habido,presente perfecto,conversación
T0180,CDMX-010,Había muchas personas por aquí.,había,imperfecto,conversación
T0107,CDMX-006,Habían varias tiendas en el centro.,habían,imperfecto,entrevista
T0213,CDMX-012,Hubo varios problemas en mi casa.,hubo,pretérito,conversación
T0077,CDMX-005,Habían muchas lluvias en la junta.,habían,imperfecto,entrevista
T0207,CDMX-011,Hubo tres fiestas en la junta.,hubo,pretérito,entrevista
T0028,CDMX-002,Habían demasiados coches por aquí.,habían,imperfecto,conversación
T0002,CDMX-001,Había muchos niños en el mercado.,había,imperfecto,entrevista
T0158,CDMX-009,Habrían varias tiendas ayer en la tarde.,habrían,condicional,conversación
T0174,CDMX-010,Ha habido tres fiestas en la junta.,ha habido,presente perfecto,conversación
T0230,CDMX-012,Habrá dos accidentes el año pasado.,habrá,futuro,entrevista
T0057,CDMX-004,Hubo muchos niños en la escuela.,hubo,pretérito,conversación
T0009,CDMX-001,Habían demasiados coches en mi casa.,habían,imperfecto,conversación
T0067,CDMX-004,Habían muchos niños en el centro.,habían,imperfecto,entrevista
T0186,CDMX-010,Habría varios problemas por aquí.,habría,condicional,entrevista
T0063,CDMX-004,Habrán dos accidentes ayer en la tarde.,habrán,futuro,entrevista
T0040,CDMX-003,Ha habido varias tiendas en mi casa.,ha habido,presente perfecto,conversación
T0006,CDMX-001,Había dos accidentes por aquí.,había,imperfecto,conversación
T0017,CDMX-002,Habían varias tiendas en la carretera.,habían,imperfecto,conversación
T0115,CDMX-006,Habrán muchas quejas ayer en la tarde.,habrán,futuro,conversación
T0023,CDMX-002,Habían varios problemas en la colonia.,habían,imperfecto,entrevista
T0062,CDMX-004,Habían tres fiestas en el centro.,habían,imperfecto,entrevista
T0055,CDMX-004,Habían dos accidentes en la colonia.,habían,imperfecto,entrevista
T0071,CDMX-005,Habían pocas oportunidades en la junta.,habían,imperfecto,entrevista
T0086,CDMX-005,Ha habido varios heridos en la junta.,ha habido,presente perfecto,conversación
T0181,CDMX-010,Hubo muchas personas en el mercado.,hubo,pretérito,entrevista
T0187,CDMX-010,Había varios heridos en la junta.,había,imperfecto,entrevista
T0027,CDMX-002,Habían varias tiendas por aquí.,habían,imperfecto,entrevista
T0043,CDMX-003,Había nuevas reglas ayer en la tarde.,había,imperfecto,conversación
T0196,CDMX-011,Habían varias tiendas en la junta.,habían,imperfecto,conversación
T0060,CDMX-004,Había unos perros en el centro.,había,imperfecto,conversación
T0166,CDMX-009,Habían muchas quejas en el centro.,habían,imperfecto,entrevista
T0195,CDMX-011,Habrán unos perros en el mercado.,habrán,futuro,conversación
T0136,CDMX-008,Había varios problemas por aquí.,había,imperfecto,conversación
T0191,CDMX-010,Había demasiados coches en la escuela.,había,imperfecto,entrevista
T0096,CDMX-006,Habrían varias tiendas en la colonia.,habrían ,condicional,conversación
T0052,CDMX-004,Habrán pocas oportunidades en el centro.,habrán,futuro,conversación
T0075,CDMX-005,Habían muchos niños en la junta.,habían,imperfecto,entrevista
T0185,CDMX-010,Habían algunos robos ayer en la tarde.,habían,imperfecto,conversación
T0100,CDMX-006,Habrían algunos robos en la carretera.,habrían,condicional,entrevista
T0032,CDMX-002,Habría varios problemas en mi casa.,habría,condicional,entrevista
T0045,CDMX-003,Ha habido muchos niños en la escuela.,ha habido,presente perfecto,entrevista
T0202,CDMX-011,Había algunos robos en el mercado.,había,imperfecto,conversación
T0084,CDMX-005,Habían varios problemas en la junta.,habían,imperfecto,entrevista
T0120,CDMX-007,Habían dos accidentes en la carretera.,,imperfecto,conversación
T0217,CDMX-012,Había algunos robos en la junta.,HABÍA,imperfecto,conversación
T0194,CDMX-010,Habían muchas quejas el año pasado.,habían,imperfecto,conversación
T0205,CDMX-011,Había demasiados coches ayer en la tarde.,Había,imperfecto,entrevista
T0025,CDMX-002,Habían pocas oportunidades en mi casa.,habían,imperfecto,conversación
T0089,CDMX-005,Habrá varias tiendas en el centro.,habrá,futuro,conversación
T0030,CDMX-002,Ha habido algunos robos en mi casa.,ha habido,presente perfecto,entrevista
T0108,CDMX-006,Habían varias tiendas en la junta.,habían,imperfecto,entrevista
T0093,CDMX-005,Han habido dos accidentes en la escuela.,han habido,presente perfecto,entrevista
T0216,CDMX-012,Habrían muchos niños por aquí.,habrían,condicional,conversación
T0171,CDMX-010,Había varios heridos por aquí.,había,imperfecto,conversación
T0157,CDMX-009,Habrán muchos niños en la escuela.,habrán,futuro,conversación
T0147,CDMX-008,Había muchos niños el año pasado.,había,imperfecto,conversación
T0080,CDMX-005,Hubo tres fiestas en mi casa.,hubo,pretérito,conversación
T0030,CDMX-002,Ha habido algunos robos en mi casa.,ha habido,presente perfecto,entrevista
T0210,CDMX-012,Hubo algunos robos en la junta.,HUBO,pretérito,entrevista
T0219,CDMX-012,Ha habido pocas oportunidades en el centro.,ha habido,presente perfecto,entrevista
T0137,CDMX-008,Había pocas oportunidades por aquí.,había,imperfecto,entrevista
T0029,CDMX-002,Hubo algunos robos en el mercado.,hubo,pretérito,entrevista
T0204,CDMX-011,Habría varios heridos en la colonia.,habría,condicional,entrevista
T0103,CDMX-006,Han habido muchos niños el año pasado.,han habido,presente perfecto,conversación
T0118,CDMX-007,Habrá nuevas reglas el año pasado.,habrá,futuro,entrevista
T0090,CDMX-005,Hubo muchos niños en la escuela.,hubo,pretérito,entrevista
T0008,CDMX-001,Habrán tres fiestas en el centro.,habrán,futuro,entrevista
T0197,CDMX-011,Ha habido tres fiestas en la escuela.,ha habido,presente perfecto,conversación
T0113,CDMX-006,Hubieron varios heridos en el centro.,hubieron,pretérito,entrevista
T0124,CDMX-007,Ha habido muchas lluvias en la carretera.,ha habido,presente perfecto,entrevista
T0098,CDMX-006,Hubo varios problemas el año pasado.,hubo,pretérito,entrevista
T0164,CDMX-009,Hubo varios problemas en la junta.,hubo,pretérito,entrevista
T0016,CDMX-001,Habían dos accidentes en mi casa.,habían,imperfecto,conversación
T0128,CDMX-007,Había unos perros en la junta.,había,imperfecto,conversación
T0069,CDMX-004,Habían varios problemas en la carretera.,habían,imperfecto,entrevista
T0172,CDMX-010,Hubo algunos robos en mi casa.,hubo,pretérito,conversación
T0131,CDMX-007,Hubo tres fiestas el año pasado.,hubo,pretérito,conversación
T0209,CDMX-011,Había tres fiestas en el centro.,había,imperfecto,conversación
T0111,CDMX-006,Hubieron tres fiestas en la escuela.,hubieron,pretérito,conversación
T0094,CDMX-006,Habían muchas quejas en la junta.,habían,imperfecto,entrevista
T0104,CDMX-006,Habrían dos accidentes en mi casa.,habrían,condicional,conversación
T0189,CDMX-010,Habían pocas oportunidades en la escuela.,habían,imperfecto,conversación
T0092,CDMX-005,Había varios heridos en la escuela.,había,imperfecto,conversación
T0229,CDMX-012,Habría muchas lluvias en el mercado.,habría,condicional,entrevista
T0004,CDMX-001,Hubo varios heridos en la carretera.,hubo,pretérito,entrevista
T0070,CDMX-005,Ha habido algunos robos en el centro.,ha habido ,presente perfecto,entrevista
T0218,CDMX-012,Había muchos niños por aquí.,había,imperfecto,conversación
T0020,CDMX-002,Ha habido tres fiestas en la escuela.,ha habido,presente perfecto,conversación
T0203,CDMX-011,Habría varios problemas en la carretera.,habría,condicional,conversación
T0102,CDMX-006,Habrá varios problemas en el mercado.,habrá,futuro,conversación
T0153,CDMX-009,Había varias tiendas en la junta.,había,imperfecto,conversación
T0019,CDMX-002,Habrá algunos robos en la junta.,habrá,futuro,entrevista
T0039,CDMX-003,Había unos perros en el mercado.,había,imperfecto,entrevista
T0022,CDMX-002,Habían pocas oportunidades en la junta.,habían,imperfecto,conversación
T0061,CDMX-004,Habían pocas oportunidades en mi casa.,habían,imperfecto,entrevista
T0054,CDMX-004,Había nuevas reglas en la junta.,había,imperfecto,conversación
T0126,CDMX-007,Habían demasiados coches en el mercado.,Habían,imperfecto,conversación
T0151,CDMX-009,Había demasiados coches en la carretera.,había,imperfecto,entrevista
T0053,CDMX-004,Habría varios heridos por aquí.,habría,condicional,entrevista
T0037,CDMX-003,Ha habido demasiados coches en la junta.,ha habido,presente perfecto,conversación
T0208,CDMX-011,Había muchas lluvias en la carretera.,había,imperfecto,entrevista
T0082,CDMX-005,Habrá muchos niños por aquí.,habrá,futuro,conversación
T0144,CDMX-008,Habían varios heridos en mi casa.,habían,imperfecto,conversación
T0033,CDMX-002,Habrían tres fiestas ayer en la tarde.,habrían,condicional,conversación
T0132,CDMX-007,Habían tres fiestas en el mercado.,habían,imperfecto,entrevista
T0047,CDMX-003,Hubieron tres fiestas en la junta.,hubieron,pretérito,entrevista
T0225,CDMX-012,Hubo algunos robos en el mercado.,hubo,pretérito,conversación
T0183,CDMX-010,Habían muchas lluvias en el centro.,habían,imperfecto,entrevista
T0142,CDMX-008,Habrían demasiados coches en la colonia.,habrían,condicional,conversación
T0114,CDMX-006,Hubieron muchas quejas ayer en la tarde.,hubieron,pretérito,conversación
T0206,CDMX-011,Habría demasiados coches en el centro.,habría,condicional,conversación
T0065,CDMX-004,Habían muchas lluvias por aquí.,habían,imperfecto,entrevista
T0121,CDMX-007,Había algunos robos en la colonia.,había ,imperfecto,conversación
T0005,CDMX-001,Hubo dos accidentes por aquí.,hubo,pretérito,entrevista
T0074,CDMX-005,Había nuevas reglas en la carretera.,había,imperfecto,conversación
T0222,CDMX-012,Habría muchas quejas en la carretera.,habría,condicional,conversación
T0133,CDMX-007,Habría nuevas reglas ayer en la tarde.,habría,condicional,entrevista
T0013,CDMX-001,Había demasiados coches ayer en la tarde.,había,imperfecto,conversación
T0122,CDMX-007,Han habido pocas oportunidades en el centro.,han habido,presente perfecto,conversación
T0199,CDMX-011,Habían tres fiestas en la carretera.,habían,imperfecto,conversación
T0085,CDMX-005,Hubo tres fiestas en la escuela.,hubo,pretérito,conversación
T0035,CDMX-002,Hubo muchas personas el año pasado.,hubo,pretérito,conversación
T0231,CDMX-012,Había muchas personas en la junta.,había ,imperfecto,conversación
T0034,CDMX-002,Habían varios problemas en la colonia.,habían,imperfecto,conversación
T0007,CDMX-001,Habrá muchos niños el año pasado.,,futuro,conversación
T0050,CDMX-003,Habrá varias tiendas en el mercado.,habrá,futuro,conversación
T0012,CDMX-001,Habían dos accidentes en la colonia.,habían,imperfecto,entrevista
T0041,CDMX-003,Han habido varios heridos en la colonia.,han habido,presente perfecto,entrevista
T0198,CDMX-011,Habían pocas oportunidades por aquí.,habían,imperfecto,entrevista
T0116,CDMX-006,Ha habido unos perros el año pasado.,Ha habido,presente perfecto,conversación
T0176,CDMX-010,Había demasiados coches en el mercado.,había,imperfecto,entrevista
T0014,CDMX-001,Había muchos niños en la junta.,había,imperfecto,entrevista
T0211,CDMX-012,Hubo muchas personas el año pasado.,hubo,pretérito,conversación
T0021,CDMX-002,Han habido unos perros en mi casa.,han habido,presente perfecto,conversación
T0087,CDMX-005,Habían muchos niños en la colonia.,habían,imperfecto,conversación
T0081,CDMX-005,Había pocas oportunidades en la carretera.,había,imperfecto,conversación
T0073,CDMX-005,Había demasiados coches en el mercado.,había,imperfecto,entrevista
T0215,CDMX-012,Había muchas quejas en el centro.,había,imperfecto,conversación
T0064,CDMX-004,Han habido nuevas reglas en el centro.,han habido,presente perfecto,conversación
T0051,CDMX-004,Hubieron muchas lluvias por aquí.,hubieron,pretérito,entrevista
T0188,CDMX-010,Habrá tres fiestas en la junta.,habrá,futuro,entrevista
T0048,CDMX-003,Ha habido muchas personas en la junta.,ha habido,presente perfecto,conversación
T0110,CDMX-006,Hubieron nuevas reglas por aquí.,hubieron,pretérito,entrevista
