ID Hablante, Edad,Sexo,Escolaridad,Ciudad
MTY-009,51,Mujer ,Preparatoria,MTY 
CDMX-006,27,Hombre,Secundaria,cdmx
CDMX-012,35 años, HOMBRE,Licenciatura,cdmx
CDMX-001,71,mujer,primaria,cdmx
GDL-006,34,H,Secundaria,guadalajara
MTY-007,31,F,prepa,MTY 
GDL-012,80 años,H,Licenciatura,Guadalajara
CDMX-008,46 años,Hombre,Preparatoria,Ciudad de Mexico
MTY-008,27,hombre,prepa,monterrey
GDL-005,70 años,mujer,Secundaria,GDL
CDMX-005,18,Mujer,secundaria,cdmx
MTY-006,51, HOMBRE,Secundaria ,monterrey
MTY-002,41 años,Hombre,PRIMARIA,Monterrey
MTY-001,,mujer,primaria,monterrey
GDL-001,29,Mujer,primaria,Guadalajara
GDL-011,,F,Licenciatura,GDL
GDL-008,54,hombre,prepa,Guadalajara
GDL-003,71 años,M,Primaria,Guadalajara
CDMX-002,74,hombre,primaria,cdmx
MTY-003,59 años,Mujer ,primaria,Monterrey
CDMX-011,59,Mujer ,Licenciatura,Ciudad de México
GDL-009,22,mujer,prepa,guadalajara
CDMX-007,45,mujer,Bachillerato,cdmx
GDL-009,22,mujer,prepa,guadalajara
CDMX-003,72,Mujer,primaria,cdmx
MTY-005,43 años,M,secundaria,Monterrey
GDL-010,77,Hombre,Universidad,guadalajara
MTY-004,51,hombre,Secundaria ,Monterrey
MTY-010,48,H,Licenciatura,Monterrey
MTY-011,43,M,universidad,monterrey
GDL-004,47,hombre,Secundaria ,GDL
GDL-002,53, HOMBRE,PRIMARIA,guadalajara
GDL-007,77,Mujer,prepa,guadalajara
CDMX-010,52,H,universidad,Ciudad de México
CDMX-006,27,Hombre,Secundaria,cdmx
CDMX-004,33 años, HOMBRE,Secundaria ,CDMX
MTY-012,41 años, HOMBRE,Universidad,monterrey
CDMX-009,37 años,M,Preparatoria,CDMX
